235071,160
235426,86
235710,70
236052,72
236750,82
236897,66
237081,89
237267,32
237963,160
238206,82
238503,66
238745,72
238853,66
239839,75
239990,75
245289,32
246846,160
247052,57
247269,48
248167,37
248750,160
248902,78
249141,84
249381,67
249564,78
249721,74
249965,68
250142,83
250379,81
250620,32
251559,78
251675,84
254299,82
254561,67
255268,78
256489,162
256829,65
263785,46
263982,46
264144,46
264314,46
264482,46
264635,46
264795,46
264944,46
265119,46
265286,46
265460,46
265614,46
265791,46
266514,32
266690,160
266861,57
267368,48
268693,37
269506,160
269700,78
269984,84
270256,67
270413,78
270572,74
270794,68
270989,83
271213,81
271409,32
271642,78
271769,84
272162,82
272393,67
272568,78
279156,160
279323,76
279532,70
279760,89
279908,89
280050,83
280363,84
289251,162
289775,162
289805,162
289836,162
289865,162
289896,162
289930,162
289960,162
289990,162
290020,162
290050,162
290081,162
290111,162
290141,162
290171,162
290201,162
290231,162
290262,162
290303,162
290331,162
290362,162
290395,162
290425,162
290456,162
290486,162
290516,162
290546,162
290576,162
290623,162
290636,162
290667,162
290697,162
290727,162
290759,65
291598,67
297217,87
298390,8
298546,164
298642,160
298922,87
306540,162
306730,86
310073,13
311557,38
312910,13
313177,38
321588,46
321769,46
323721,45
325033,45
326840,160
327059,86
328313,8
328920,164
329030,160
330112,45
330335,160
330655,86
331534,83
332561,83
333928,8
334159,8
334641,8
335845,45
338583,160
338998,160
339477,86
339906,83
340745,8
340936,8
342099,45
343955,86
344787,8
355055,45
358972,45
360220,45
360497,45
363970,13
364949,38
373993,160
374201,86
374396,72
374618,70
375011,8
375398,8
376258,70
376427,72
376565,82
376967,66
377199,89
377512,32
378984,160
379196,82
379421,66
379600,72
379837,66
380525,75
380693,75
381636,32
381952,160
382104,57
382509,48
383379,37
391057,160
391394,78
391602,84
391845,67
392003,78
392150,74
392352,68
392536,83
392795,81
393029,32
394071,78
394173,84
394400,82
394644,67
394975,78
395728,189
396672,87
397684,8
397836,50
430573,160
430581,160
430596,160
430744,86
430750,86
430762,86
430947,83
430993,83
431006,83
431100,32
431106,32
431119,32
431315,71
431321,71
431334,71
431451,72
431458,72
431471,72
431650,66
431660,66
431673,66
431941,68
431948,68
431960,68
432316,83
432322,83
432335,83
432641,82
432648,82
432661,82
432907,75
432914,75
432927,75
433156,66
433179,66
433192,66
433354,32
433360,32
433374,32
433826,68
433832,68
433844,68
433994,74
434001,74
434033,74
434193,67
434200,67
434212,67
434960,71
434967,71
434980,71
435108,72
435115,72
435128,72
435296,66
435302,66
435315,66
435448,89
435455,89
435468,89
435667,66
435674,66
435686,66
436093,86
436100,86
436113,86
436222,70
436228,70
436241,70
436428,78
436435,78
436448,78
436590,77
436597,77
436610,77
436769,32
436776,32
436789,32
437470,87
437477,87
437513,87
437938,84
437945,84
437975,84
438236,75
438242,75
438255,75
438422,77
438429,77
438442,77
438614,32
438621,32
438634,32
439288,75
439294,75
439324,75
439579,190
439586,190
439599,190
439958,188
439964,188
439992,188
440245,74
440251,74
440291,74
440428,81
440435,81
440448,81
440744,32
440751,32
440764,32
440953,76
440959,76
440991,76
441080,84
441086,84
441100,84
441468,90
441475,90
441488,90
441723,78
441730,78
441743,78
441902,84
441908,84
441922,84
442172,75
442180,75
442194,75
442371,77
442378,77
442392,77
442659,89
442666,89
442680,89
442857,74
442864,74
442878,74
443015,67
443021,67
443036,67
443201,78
443208,78
443234,78
443445,66
443451,66
443466,66
443791,32
443810,32
443826,32
444378,82
444386,82
444429,82
444485,70
444493,70
444508,70
444625,82
444633,82
444648,82
444764,32
444773,32
444787,32
445453,67
445461,67
445476,67
446090,70
446099,70
446114,70
447015,86
447023,86
447039,86
447198,74
447206,74
447221,74
447951,87
447959,87
447974,87
448339,84
448347,84
448363,84
448662,75
448670,75
448692,75
448862,77
448870,77
448886,77
449856,161
449864,161
449880,161
449969,191
449978,191
449994,191
450140,32
450148,32
450165,32
450426,89
450434,89
450450,89
450580,74
450588,74
450607,74
450798,32
450807,32
450823,32
451701,74
451711,74
451738,74
451893,78
451903,78
451920,78
452126,32
452134,32
452151,32
453025,222
453034,222
453050,222
453320,78
453328,78
453345,78
453495,74
453504,74
453520,74
453723,81
453732,81
453749,81
454010,32
454019,32
454036,32
454241,71
454249,71
454266,71
454442,72
454451,72
454468,72
454535,66
454543,66
454561,66
455095,68
455103,68
455120,68
455273,83
455282,83
455300,83
455566,88
455575,88
455592,88
456023,82
456031,82
456048,82
456354,66
456363,66
456380,66
456676,32
456684,32
456701,32
458248,89
458257,89
458274,89
459021,69
459030,69
459047,69
459251,186
459260,186
459278,186
459518,89
459527,89
459545,89
459780,74
459789,74
459806,74
460478,32
460487,32
460505,32
461641,86
461650,86
461668,86
461780,80
461789,80
461807,80
462105,188
462114,188
462131,188
462440,70
462449,70
462466,70
462639,68
462647,68
462665,68
462873,75
462882,75
462899,75
463087,90
463096,90
463114,90
463305,78
463313,78
463331,78
463490,77
463499,77
463517,77
463734,67
463743,67
463761,67
463901,90
463910,90
463928,90
465416,191
465426,191
465441,191
466020,32
466029,32
466046,32
467417,221
467426,221
467454,221
468885,8
468894,8
468910,8
470645,8
470654,8
470670,8
470839,66
470848,66
470864,66
475787,160
475796,160
475812,160
476138,84
476147,84
476163,84
476367,67
476374,67
476388,67
476724,75
476731,75
476746,75
476887,66
476896,66
476912,66
477644,32
477653,32
477670,32
478285,71
478295,71
478312,71
478419,74
478430,74
478446,74
478572,67
478582,67
478600,67
478747,78
478755,78
478771,78
478913,70
478921,70
478938,70
479091,68
479100,68
479117,68
479358,66
479365,66
479380,66
479511,78
479519,78
479534,78
479694,77
479702,77
479717,77
479929,32
479937,32
479953,32
481537,67
481545,67
481559,67
481761,84
481768,84
481783,84
482071,188
482079,188
482093,188
482298,84
482306,84
482321,84
482742,32
482750,32
482766,32
484394,87
484402,87
484417,87
484666,84
484674,84
484689,84
484934,75
484942,75
484956,75
485135,77
485143,77
485158,77
485299,32
485307,32
485321,32
486567,71
486575,71
486590,71
486725,74
486733,74
486748,74
487312,219
487320,219
487335,219
487505,69
487512,69
487529,69
487782,76
487789,76
487806,76
487989,84
487997,84
488014,84
488186,78
488194,78
488212,78
488369,77
488379,77
488397,77
489070,32
489080,32
489099,32
489421,89
489430,89
489450,89
489583,70
489593,70
489613,70
489889,32
489898,32
489917,32
490736,99
490745,99
490764,99
490872,96
490882,96
490901,96
491771,32
491781,32
491800,32
492609,82
492618,82
492638,82
492844,66
492854,66
492873,66
493043,75
493052,75
493072,75
493225,74
493235,74
493254,74
493445,85
493454,85
493473,85
493678,72
493687,72
493706,72
493850,70
493860,70
493880,70
494099,86
494108,86
494128,86
494308,86
494318,86
494337,86
494891,32
494900,32
494920,32
495604,80
495615,80
495634,80
495772,70
495782,70
495802,70
496004,32
496013,32
496033,32
496516,51
496525,51
496545,51
496684,32
496691,32
496708,32
497075,86
497082,86
497098,86
497259,84
497266,84
497283,84
497601,67
497608,67
497624,67
497818,90
497825,90
497842,90
498184,87
498191,87
498208,87
498442,70
498449,70
498466,70
499783,161
499790,161
499807,161
499860,191
499866,191
499883,191
500045,32
500051,32
500068,32
501113,86
501120,86
501138,86
501292,74
501299,74
501316,74
501583,76
501590,76
501608,76
501985,8
501992,8
502009,8
502272,186
502279,186
502297,186
502685,89
502692,89
502709,89
502859,74
502866,74
502882,74
503081,32
503088,32
503105,32
503394,80
503401,80
503418,80
503550,70
503557,70
503575,70
503785,72
503792,72
503809,72
503958,70
503967,70
503984,70
504202,77
504209,77
504227,77
504426,74
504433,74
504450,74
504639,78
504646,78
504663,78
504835,83
504842,83
504859,83
505658,78
505666,78
505685,78
505836,77
505843,77
505862,77
506123,8
506131,8
506147,8
506341,8
506348,8
506365,8
506510,8
506517,8
506533,8
506656,8
506663,8
506679,8
506823,8
506830,8
506846,8
507285,8
507291,8
507308,8
508397,188
508404,188
508420,188
508666,74
508673,74
508689,74
508867,78
508874,78
508891,78
509090,70
509099,70
509115,70
509266,78
509273,78
509290,78
509448,77
509457,77
509473,77
510158,32
510165,32
510182,32
511829,67
511837,67
511855,67
511940,78
511947,78
511963,78
512108,74
512115,74
512132,74
512341,81
512348,81
512365,81
512800,82
512807,82
512823,82
512976,74
512983,74
512999,74
513235,84
513242,84
513258,84
513467,32
513474,32
513489,32
513672,74
513679,74
513692,74
513935,77
513942,77
513956,77
514298,8
514306,8
514321,8
514490,78
514497,78
514512,78
515127,68
515134,68
515149,68
515321,72
515328,72
515343,72
515686,70
515693,70
515708,70
516294,79
516301,79
516317,79
516433,84
516440,84
516456,84
516613,89
516620,89
516636,89
516756,66
516763,66
516779,66
516935,84
516942,84
516957,84
517206,32
517213,32
517229,32
519250,82
519257,82
519275,82
519408,74
519415,74
519434,74
519619,32
519626,32
519644,32
520283,68
520290,68
520308,68
520472,67
520479,67
520497,67
520839,84
520846,84
520877,84
521226,86
521233,86
521265,86
521566,32
521573,32
521605,32
522038,89
522045,89
522077,89
522272,70
522279,70
522310,70
522460,32
522467,32
522498,32
522672,67
522680,67
522711,67
522960,68
522967,68
522999,68
523281,84
523288,84
523320,84
523475,78
523482,78
523497,78
523639,84
523646,84
523662,84
525553,32
525560,32
525576,32
526535,65
526542,65
526558,65
526678,66
526685,66
526701,66
527119,78
527127,78
527142,78
527451,89
527458,89
527473,89
527624,84
527633,84
527649,84
528157,67
528165,67
528180,67
528794,189
528801,189
528816,189
530001,82
530008,82
530023,82
530283,75
530291,75
530306,75
530435,69
530443,69
530466,69
530956,188
530964,188
530978,188
531123,70
531131,70
531163,70
531352,86
531359,86
531374,86
532722,161
532730,161
532745,161
532813,191
532820,191
532840,191
533176,32
533183,32
533202,32
540546,8
540553,8
540574,8
545100,68
545107,68
545126,68
545228,74
545235,74
545256,74
545685,80
545692,80
545712,80
546016,89
546023,89
546041,89
546154,84
546162,84
546178,84
546322,89
546329,89
546346,89
546840,70
546848,70
546865,70
547898,68
547905,68
547926,68
548030,66
548040,66
548061,66
548562,76
548572,76
548593,76
548701,84
548711,84
548732,84
548978,78
548988,78
549012,78
549185,77
549196,77
549217,77
549943,32
549953,32
549975,32
550906,76
550917,76
550938,76
551069,66
551080,66
551108,66
551258,84
551268,84
551292,84
551755,78
551766,78
551793,78
551959,66
551969,66
551994,66
552567,88
552577,88
552601,88
552887,84
552897,84
552923,84
553603,67
553613,67
553639,67
553755,82
553765,82
553791,82
554611,66
554621,66
554667,66
554787,84
554798,84
554841,84
554974,32
554985,32
555042,32
555265,219
555275,219
555327,219
555714,75
555724,75
555887,75
556063,84
556073,84
556239,84
556408,188
556416,188
556581,188
556750,87
556758,87
556922,87
557092,83
557102,83
557178,83
557824,32
557835,32
557870,32
558307,66
558317,66
558351,66
558469,32
558479,32
558523,32
560064,74
560074,74
560141,74
560653,68
560663,68
560700,68
560830,67
560842,67
560886,67
561042,90
561055,90
561103,90
561639,89
561649,89
561699,89
561974,82
561985,82
562033,82
562127,69
562137,69
562185,69
563237,32
563247,32
563268,32
563588,66
563599,66
563621,66
563752,32
563763,32
563784,32
564057,68
564068,68
564089,68
564400,80
564408,80
564427,80
564622,76
564630,76
564649,76
565038,72
565046,72
565065,72
565217,70
565225,70
565245,70
565459,85
565467,85
565486,85
565651,66
565659,66
565678,66
565925,68
565933,68
565954,68
566127,70
566135,70
566155,70
566344,78
566355,78
566376,78
566552,77
566562,77
566584,77
566854,32
566864,32
566886,32
567354,74
567365,74
567387,74
567552,78
567563,78
567585,78
567709,32
567720,32
567743,32
567958,71
567969,71
567991,71
568093,72
568102,72
568124,72
568260,66
568271,66
568294,66
568494,82
568505,82
568528,82
568668,74
568679,74
568702,74
569156,67
569167,67
569189,67
569313,89
569324,89
569346,89
569506,74
569518,74
569540,74
569707,68
569719,68
569739,68
569976,84
569988,84
570007,84
570153,89
570164,89
570182,89
570335,66
570345,66
570363,66
570888,90
570898,90
570920,90
571532,32
571542,32
571564,32
572254,68
572265,68
572288,68
572409,74
572419,74
572442,74
572582,32
572593,32
572616,32
573228,67
573240,67
573265,67
573880,89
573892,89
573916,89
574033,84
574046,84
574069,84
574759,32
574771,32
574794,32
575995,188
576007,188
576031,188
576158,69
576170,69
576193,69
576975,72
576987,72
577008,72
577309,85
577318,85
577336,85
577464,84
577473,84
577492,84
577681,72
577690,72
577707,72
577873,70
577882,70
577900,70
578786,191
578795,191
578816,191
579057,32
579066,32
579084,32
580257,160
580268,160
580286,160
580599,78
580612,78
580634,78
580914,70
580923,70
580944,70
581069,82
581081,82
581103,82
581277,32
581289,32
581310,32
581478,89
581490,89
581512,89
581595,84
581608,84
581628,84
581753,32
581765,32
581786,32
581962,71
581974,71
581994,71
582138,74
582150,74
582170,74
582354,81
582363,81
582379,81
582671,76
582678,76
582694,76
582894,84
582901,84
582918,84
583307,78
583314,78
583330,78
584425,191
584433,191
584450,191
584617,32
584626,32
584645,32
584920,160
584929,160
584947,160
585129,85
585139,85
585158,85
585338,74
585348,74
585368,74
585527,72
585537,72
585557,72
585678,70
585688,70
585709,70
586161,80
586171,80
586191,80
586569,76
586580,76
586601,76
586830,74
586840,74
586859,74
587417,32
587428,32
587450,32
588034,222
588046,222
588065,222
588537,65
588546,65
588565,65
588723,65
588733,65
588751,65
589010,84
589021,84
589039,84
591941,82
591951,82
591969,82
592695,78
592705,78
592724,78
592913,66
592923,66
592941,66
593154,68
593164,68
593183,68
594711,89
594721,89
594739,89
594819,84
594829,84
594847,84
595452,81
595462,81
595480,81
595955,32
595964,32
595982,32
599553,65
599563,65
599581,65
599736,74
599746,74
599765,74
599914,72
599924,72
599942,72
600086,86
600097,86
600118,86
600313,66
600323,66
600342,66
600561,74
600641,74
600658,74
601383,8
601392,8
601409,8
602036,72
602045,72
602062,72
602211,74
602220,74
602237,74
602399,68
602408,68
602427,68
602552,70
602562,70
602580,70
602767,78
602778,78
602795,78
602951,77
602960,77
602978,77
603148,32
603157,32
603176,32
604491,68
604500,68
604518,68
604738,32
604748,32
604765,32
604924,67
604933,67
604950,67
605173,84
605182,84
605200,84
605433,188
605442,188
605459,188
605562,84
605570,84
605587,84
605937,32
605946,32
605963,32
607246,71
607255,71
607271,71
607443,72
607452,72
607469,72
607587,66
607596,66
607616,66
607945,68
607954,68
607973,68
608172,83
608181,83
608200,83
608447,88
608456,88
608475,88
608826,82
608837,82
608864,82
608963,69
608975,69
608997,69
611329,32
611342,32
611365,32
611535,189
611547,189
611569,189
611628,32
611640,32
611663,32
612403,82
612413,82
612434,82
613456,32
613467,32
613488,32
613979,76
613990,76
614011,76
614332,72
614353,72
614383,72
614493,69
614514,69
614545,69
614680,85
614702,85
614734,85
614879,74
614900,74
614933,74
615376,86
615397,86
615420,86
615593,69
615607,69
615630,69
615815,32
615827,32
615850,32
616569,71
616581,71
616605,71
616780,66
616792,66
616814,66
616959,78
616971,78
616995,78
617136,70
617148,70
617171,70
617708,89
617720,89
617743,89
618059,66
618071,66
618094,66
618521,190
618533,190
618556,190
619213,161
619226,161
619249,161
619368,191
619380,191
619404,191
619659,32
619671,32
619693,32
620065,82
620077,82
620099,82
620447,32
620460,32
620481,32
621431,76
621443,76
621465,76
621824,72
621836,72
621858,72
622037,69
622049,69
622070,69
622225,85
622238,85
622259,85
622409,74
622421,74
622442,74
622673,86
622684,86
622706,86
622863,69
622875,69
622896,69
623043,32
623055,32
623076,32
623267,74
623279,74
623300,74
623518,188
623530,188
623551,188
623892,72
623904,72
623925,72
624078,70
624090,70
624111,70
624401,80
624413,80
624434,80
624558,69
624570,69
624592,69
624777,32
624789,32
624828,32
625013,186
625025,186
625065,186
625480,66
625492,66
625530,66
625689,80
625701,80
625743,80
626030,89
626037,89
626074,89
626213,66
626220,66
626259,66
627197,161
627209,161
627247,161
627395,191
627402,191
627430,191
627640,32
627647,32
627676,32
628017,82
628025,82
628054,82
628290,32
628297,32
628327,32
628723,76
628730,76
628747,76
629070,72
629077,72
629094,72
629237,69
629245,69
629262,69
629446,85
629453,85
629470,85
629638,74
629645,74
629662,74
629966,86
629973,86
629990,86
630161,69
630168,69
630186,69
631360,32
631368,32
631387,32
632178,72
632186,72
632205,72
632309,70
632318,70
632336,70
632583,67
632592,67
632610,67
632753,67
632762,67
632781,67
632892,71
632900,71
632919,71
633070,66
633079,66
633098,66
633312,67
633321,67
633338,67
633566,70
633574,70
633594,70
633733,89
633745,89
633767,89
633980,66
633991,66
634013,66
634467,190
634479,190
634500,190
636700,8
636712,8
636733,8
637871,190
637883,190
637905,190
638144,161
638156,161
638177,161
638302,191
638313,191
638336,191
638589,32
638601,32
638620,32
642632,8
642641,8
642660,8
644615,89
644623,89
644642,89
644799,84
644807,84
644826,84
645515,32
645524,32
645543,32
646108,188
646117,188
646136,188
646250,84
646259,84
646278,84
646878,85
646887,85
646906,85
647044,70
647052,70
647071,70
648326,90
648335,90
648353,90
648645,32
648653,32
648671,32
648847,32
648855,32
648874,32
649665,8
649673,8
649693,8
650141,84
650149,84
650169,84
651034,186
651042,186
651062,186
651195,84
651204,84
651224,84
652108,86
652116,86
652137,86
652245,66
652254,66
652274,66
652447,89
652456,89
652476,89
652621,69
652629,69
652649,69
652833,78
652842,78
652862,78
653131,89
653139,89
653160,89
653437,74
653446,74
653466,74
653676,32
653684,32
653707,32
654345,82
654356,82
654379,82
654597,32
654608,32
654630,32
655098,68
655109,68
655131,68
655370,84
655380,84
655403,84
655667,67
655678,67
655701,67
655864,70
655875,70
655897,70
656049,86
656060,86
656083,86
656357,32
656368,32
656390,32
656720,66
656731,66
656753,66
656907,32
656918,32
656940,32
657063,89
657074,89
657097,89
657207,84
657217,84
657240,84
657365,32
657376,32
657396,32
657589,71
657599,71
657619,71
657702,74
657712,74
657736,74
657919,75
657930,75
657953,75
658803,8
658814,8
658837,8
659367,76
659377,76
659397,76
659643,67
659654,67
659673,67
660337,88
660347,88
660367,88
660503,66
660514,66
660534,66
660680,78
660690,78
660710,78
660833,83
660844,83
660864,83
661046,68
661056,68
661076,68
661293,70
661303,70
661323,70
662605,90
662615,90
662640,90
662892,32
662903,32
662922,32
664411,67
664421,67
664440,67
664539,78
664550,78
664568,78
664711,72
664722,72
664742,72
664897,70
664908,70
664931,70
665165,76
665175,76
665199,76
665364,70
665374,70
665399,70
668050,75
668061,75
668175,75
668272,77
668283,77
668307,77
668615,88
668626,88
668650,88
668921,84
668931,84
668949,84
669409,67
669420,67
669438,67
669635,82
669645,82
669662,82
669920,66
669931,66
669948,66
671633,32
671644,32
671668,32
672701,82
672711,82
672734,82
672849,70
672860,70
672883,70
673080,75
673091,75
673114,75
673284,74
673294,74
673317,74
673635,72
673646,72
673669,72
673854,66
673865,66
673888,66
674081,66
674091,66
674115,66
674385,32
674396,32
674419,32
674944,68
674954,68
674978,68
675157,32
675167,32
675190,32
675385,72
675396,72
675419,72
675476,84
675487,84
675510,84
675718,67
675728,67
675751,67
675891,78
675902,78
675925,78
676124,74
676135,74
676158,74
676377,72
676388,72
676410,72
677005,8
677015,8
677038,8
677214,8
677225,8
677248,8
678357,74
678368,74
678388,74
678568,72
678578,72
678599,72
678850,70
678862,70
678882,70
679069,89
679079,89
679099,89
679381,84
679392,84
679411,84
680581,191
680592,191
680613,191
681161,13
681171,13
681191,13
687507,13
687517,13
687537,13
692115,160
692126,160
692147,160
692343,78
692355,78
692377,78
692542,74
692553,74
692574,74
692855,32
692866,32
692887,32
693618,186
693628,186
693650,186
693813,84
693824,84
693845,84
693982,32
693992,32
694015,32
694173,72
694184,72
694206,72
694341,70
694352,70
694373,70
694589,188
694599,188
694621,188
694846,74
694857,74
694879,74
695074,78
695085,78
695106,78
695226,70
695236,70
695258,70
695455,84
695465,84
695486,84
695720,78
695730,78
695752,78
696009,32
696020,32
696041,32
696404,8
696414,8
696436,8
696891,161
696901,161
696923,161
697073,191
697084,191
697107,191
697281,32
697292,32
697314,32
698201,74
698211,74
698233,74
698377,85
698387,85
698409,85
698930,8
698941,8
698962,8
699124,8
699134,8
699156,8
699682,82
699692,82
699714,82
700023,74
700034,74
700056,74
700187,85
700197,85
700219,85
700568,76
700579,76
700601,76
700775,70
700786,70
700807,70
701023,32
701033,32
701055,32
702161,69
702171,69
702193,69
702357,88
702368,88
702389,88
702756,66
702766,66
702788,66
702987,73
702998,73
703021,73
703256,77
703267,77
703289,77
703445,67
703456,67
703477,67
703567,90
703578,90
703599,90
703861,32
703872,32
703893,32
704524,71
704534,71
704556,71
704662,72
704672,72
704695,72
704815,74
704826,74
704847,74
704978,85
704989,85
705011,85
705164,72
705175,72
705197,72
705358,70
705368,70
705390,70
705644,86
705655,86
705676,86
705828,86
705839,86
705861,86
706060,66
706071,66
706093,66
706222,72
706232,72
706255,72
706380,74
706391,74
706412,74
706537,68
706548,68
706570,68
706825,70
706835,70
706857,70
707018,78
707028,78
707050,78
707214,77
707225,77
707247,77
707717,8
707728,8
707750,8
708826,77
708837,77
708858,77
709004,191
709015,191
709037,191
709183,32
709195,32
709216,32
709856,160
709867,160
709888,160
710388,160
710398,160
710420,160
710431,160
710442,160
710463,160
710475,160
710485,160
710507,160
710518,160
710529,160
710550,160
710561,84
710571,84
710593,84
710878,67
710890,67
710911,67
711331,75
711341,75
711363,75
711514,66
711526,66
711547,66
712437,32
712447,32
712470,32
713761,68
713771,68
713794,68
713871,83
713881,83
713903,83
714171,32
714182,32
714203,32
714753,219
714763,219
714785,219
715085,74
715095,74
715116,74
715288,78
715298,78
715321,78
715464,66
715475,66
715496,66
715628,78
715639,78
715660,78
715770,84
715781,84
715809,84
715992,32
716003,32
716025,32
716241,67
716251,67
716273,67
716424,78
716435,78
716457,78
716583,70
716592,70
716613,70
716831,78
716839,78
716859,78
717018,77
717027,77
717047,77
717222,32
717230,32
717250,32
718347,68
718355,68
718376,68
718644,84
718652,84
718673,84
719154,188
719163,188
719183,188
719870,189
719880,189
719902,189
721049,72
721060,72
721083,72
721195,70
721206,70
721228,70
721759,80
721771,80
721793,80
722269,71
722281,71
722302,71
722872,8
722884,8
722906,8
723035,72
723046,72
723069,72
723216,70
723227,70
723249,70
723858,188
723869,188
723891,188
724140,74
724151,74
724173,74
724341,78
724352,78
724375,78
724752,88
724763,88
724786,88
724913,66
724924,66
724946,66
725259,82
725270,82
725293,82
725553,74
725563,74
725585,74
726185,86
726196,86
726219,86
727137,32
727147,32
727169,32
727754,80
727765,80
727788,80
727930,70
727942,70
727963,70
728168,32
728178,32
728210,32
728990,50
729001,50
729022,50
729084,49
729095,49
729117,49
730506,32
730517,32
730539,32
731095,76
731106,76
731127,76
731280,84
731290,84
731312,84
731572,89
731583,89
731605,89
731880,77
731891,77
731913,77
732119,32
732129,32
732151,32
733476,8
733486,8
733509,8
734050,161
734061,161
734082,161
734345,191
734356,191
734377,191
734562,32
734572,32
734594,32
734862,89
734871,89
734891,89
735018,66
735027,66
735049,66
735294,88
735304,88
735325,88
735677,84
735687,84
735707,84
736177,85
736187,85
736207,85
736351,74
736361,74
736382,74
736926,161
736936,161
736956,161
737135,191
737146,191
737167,191
737557,32
737566,32
737587,32
738784,82
738794,82
738815,82
738948,72
738957,72
738977,72
739118,74
739129,74
739150,74
739435,86
739444,86
739464,86
739886,84
739895,84
739915,84
740180,32
740190,32
740210,32
740897,72
740907,72
740927,72
741073,70
741083,70
741103,70
743105,80
743115,80
743135,80
743418,74
743427,74
743448,74
743623,88
743632,88
743653,88
743915,70
743924,70
743945,70
744085,72
744096,72
744116,72
744266,74
744275,74
744296,74
744849,68
744858,68
744879,68
744976,70
744986,70
745007,70
745273,89
745283,89
745303,89
745403,66
745412,66
745433,66
745826,90
745836,90
745856,90
746414,32
746424,32
746445,32
746889,8
746899,8
746919,8
747419,161
747428,161
747450,161
747531,191
747540,191
747560,191
747772,32
747782,32
747805,32
748096,68
748106,68
748128,68
748231,83
748240,83
748262,83
748401,32
748410,32
748433,32
748629,89
748640,89
748659,89
748721,84
748733,84
748755,84
748911,32
748922,32
748944,32
750627,71
750638,71
750660,71
750798,74
750809,74
750834,74
750982,75
750995,75
751021,75
751166,69
751180,69
751204,69
751499,88
751512,88
751537,88
751817,66
751831,66
751856,66
751937,78
751950,78
751975,78
752851,8
752866,8
752891,8
753046,84
753059,84
753125,84
754138,8
754152,8
754175,8
755144,78
755157,78
755182,78
755275,84
755289,84
755313,84
756395,32
756408,32
756434,32
756879,66
756893,66
756918,66
757512,32
757525,32
757551,32
759609,80
759622,80
759646,80
759783,70
759796,70
759819,70
759998,89
760010,89
760033,89
760162,66
760174,66
760198,66
760573,86
760585,86
760608,86
760684,70
760696,70
760720,70
760872,78
760883,78
760907,78
761052,77
761065,77
761089,77
761209,67
761222,67
761245,67
761300,90
761312,90
761335,90
761821,32
761833,32
761856,32
769648,8
769660,8
769684,8
770164,8
770176,8
770199,8
770212,8
770224,8
770248,8
770261,8
770274,8
770299,8
770311,8
770323,8
770348,8
770361,8
770377,8
770403,8
770418,8
770432,8
770458,8
770473,8
770488,8
770517,8
770529,8
770541,8
770565,8
770577,8
770589,8
770617,8
770629,8
770641,8
770665,8
770677,8
770689,8
770714,8
770740,8
770755,8
770781,8
770945,8
770957,8
770980,8
772085,191
772097,191
772121,191
772333,32
772344,32
772368,32
773729,160
773742,160
773764,160
774249,160
774261,160
774284,160
774296,160
774308,160
774331,160
774344,160
774356,160
774380,160
774392,160
774405,160
774428,160
774441,160
774453,160
774477,160
774489,160
774501,160
774525,160
774537,160
774549,160
774572,160
774585,84
774598,84
774623,84
775070,67
775084,67
775109,67
775211,75
775223,75
775246,75
775385,66
775407,66
775442,66
775652,32
775673,32
775696,32
776261,68
776273,68
776297,68
776378,83
776390,83
776413,83
776564,32
776576,32
776598,32
776779,67
776790,67
776811,67
776988,82
776999,82
777020,82
777125,70
777136,70
777157,70
777644,186
777655,186
777678,186
777833,66
777844,66
777867,66
778023,78
778034,78
778057,78
778179,84
778190,84
778212,84
778402,32
778413,32
778436,32
779486,67
779497,67
779519,67
779751,84
779762,84
779785,84
779999,77
780010,77
780033,77
780250,84
780261,84
780284,84
780997,46
781008,46
781031,46
781221,46
781232,46
781255,46
783074,162
783085,162
783108,162
783372,90
783383,90
783406,90
783962,90
783974,90
784001,90
786612,8
786624,8
786646,8
787313,8
787325,8
787348,8
788660,188
788671,188
788697,188
788781,84
788796,84
788822,84
789074,32
789089,32
789115,32
790968,8
790982,8
791009,8
791608,160
791622,160
791648,160
791969,54
791984,54
792009,54
793883,164
793898,164
793924,164
793988,160
794007,160
794034,160
794178,160
794189,160
794212,160
794423,188
794435,188
794457,188
794597,188
794609,188
794631,188
795493,164
795505,164
795527,164
795625,160
795636,160
795660,160
796176,160
796188,160
796211,160
796422,86
796433,86
796456,86
796604,89
796616,89
796638,89
796726,84
796737,84
796760,84
796921,32
796932,32
796956,32
797219,89
797231,89
797254,89
800571,32
800583,32
800609,32
802335,32
802347,32
802370,32
803559,8
803571,8
803595,8
803803,69
803815,69
803838,69
804045,32
804057,32
804080,32
804390,8
804402,8
804425,8
805152,186
805164,186
805188,186
805424,89
805437,89
805460,89
805600,74
805612,74
805636,74
807126,32
807138,32
807162,32
807686,71
807698,71
807722,71
807815,74
807827,74
807851,74
808078,67
808090,67
808115,67
808357,68
808370,68
808393,68
808975,90
808985,90
809007,90
810479,79
810489,79
810511,79
810620,70
810630,70
810652,70
810835,78
810845,78
810867,78
811018,77
811029,77
811051,77
812394,32
812405,32
812427,32
813114,71
813125,71
813147,71
813250,72
813261,72
813283,72
813424,74
813434,74
813457,74
813562,85
813573,85
813595,85
813768,72
813779,72
813801,72
813947,70
813958,70
813981,70
814127,86
814140,86
814165,86
814347,86
814361,86
814385,86
814548,66
814562,66
814587,66
814847,72
814860,72
814883,72
815022,74
815034,74
815058,74
815172,68
815184,68
815208,68
816592,70
816604,70
816627,70
816781,89
816793,89
816817,89
816917,66
816930,66
816954,66
817885,190
817897,190
817920,190
818380,32
818392,32
818415,32
819923,98
819935,98
819959,98
820102,96
820115,96
820139,96
820423,109
820435,109
820459,109
820705,99
820717,99
820741,99
820905,96
820917,96
820941,96
821913,32
821926,32
821949,32
822414,88
822425,88
822449,88
822675,70
822687,70
822711,70
822885,67
822898,67
822921,67
823060,74
823072,74
823097,74
823230,68
823243,68
823266,68
823480,32
823492,32
823516,32
823736,68
823748,68
823772,68
823937,32
823949,32
823973,32
824131,89
824143,89
824166,89
824281,84
824293,84
824317,84
825049,76
825061,76
825085,76
825513,84
825525,84
825549,84
825775,75
825787,75
825811,75
826055,190
826067,190
826091,190
827032,32
827044,32
827068,32
827343,66
827355,66
827379,66
827505,32
827517,32
827540,32
828018,80
828030,80
828054,80
828250,70
828262,70
828286,70
828634,89
828646,89
828669,89
828810,66
828822,66
828845,66
829368,86
829380,86
829403,86
829514,70
829526,70
829549,70
829732,78
829745,78
829767,78
829916,77
829929,77
829951,77
830077,67
830089,67
830114,67
830191,90
830203,90
830227,90
830530,32
830542,32
830566,32
831568,222
831580,222
831605,222
831988,78
832000,78
832023,78
832139,66
832152,66
832175,66
832358,86
832371,86
832395,86
832607,32
832619,32
832642,32
833023,84
833035,84
833058,84
833302,186
833314,186
833337,186
833846,84
833857,84
833882,84
835006,89
835018,89
835041,89
835758,8
835770,8
835794,8
836487,76
836499,76
836523,76
836859,89
836872,89
836894,89
836969,84
836981,84
837004,84
837311,68
837323,68
837347,68
837490,89
837502,89
837525,89
837695,74
837707,74
837732,74
838910,164
838922,164
838946,164
839052,160
839064,160
839090,160
839235,160
839259,160
839295,160
840289,160
840315,160
840350,160
840466,190
840491,190
840526,190
840636,190
840661,190
840695,190
841285,164
841309,164
841345,164
841416,160
841441,160
841478,160
842204,161
842228,161
842265,161
842339,191
842350,191
842372,191
842657,32
842668,32
842691,32
843812,68
843824,68
843846,68
843986,32
843997,32
844020,32
844368,82
844379,82
844401,82
844546,74
844558,74
844579,74
844780,89
844792,89
844814,89
845384,87
845396,87
845420,87
845999,84
846011,84
846033,84
846206,32
846217,32
846239,32
849420,82
849432,82
849454,82
849561,74
849572,74
849595,74
849755,89
849766,89
849788,89
851102,87
851113,87
851136,87
851280,74
851291,74
851314,74
851451,68
851463,68
851485,68
853028,32
853040,32
853062,32
853355,68
853366,68
853389,68
853475,83
853486,83
853510,83
853671,32
853682,32
853704,32
853967,76
853979,76
854001,76
854265,74
854276,74
854298,74
854810,67
854822,67
854844,67
854976,78
854987,78
855009,78
855174,66
855185,66
855207,66
855402,85
855413,85
855436,85
855661,89
855672,89
855694,89
855833,84
855845,84
855867,84
856083,78
856095,78
856117,78
856276,84
856287,84
856310,84
856531,32
856542,32
856564,32
857110,87
857121,87
857143,87
857618,84
857629,84
857651,84
858032,75
858043,75
858066,75
858261,66
858272,66
858294,66
858489,32
858501,32
858523,32
858688,74
858700,74
858722,74
858863,32
858874,32
858896,32
859254,8
859265,8
859287,8
859473,8
859484,8
859506,8
860016,8
860027,8
860050,8
860615,161
860626,161
860648,161
860793,191
860804,191
860827,191
861007,32
861019,32
861041,32
861390,74
861401,74
861423,74
861621,32
861633,32
861655,32
861879,82
861890,82
861912,82
862065,74
862076,74
862098,74
862274,78
862285,78
862307,78
862443,74
862455,74
862476,74
862628,72
862640,72
862663,72
862799,74
862810,74
862832,74
862928,81
862939,81
862961,81
863281,32
863292,32
863313,32
864296,76
864307,76
864330,76
864456,70
864467,70
864489,70
865365,186
865377,186
865399,186
865500,84
865511,84
865534,84
865833,32
865845,32
865867,32
866971,89
866982,89
867003,89
867096,84
867107,84
867129,84
867247,32
867259,32
867281,32
867578,86
867589,86
867611,86
867754,84
867765,84
867787,84
868085,88
868096,88
868119,88
868256,78
868267,78
868289,78
868414,70
868426,70
868448,70
868617,75
868628,75
868650,75
868812,66
868824,66
868846,66
870251,191
870262,191
870283,191
875244,13
875257,13
875279,13
876892,160
876903,160
876925,160
877029,80
877040,80
877062,80
877372,76
877383,76
877404,76
877551,84
877563,84
877584,84
878045,67
878056,67
878078,67
878283,77
878294,77
878315,77
878503,32
878515,32
878536,32
879092,72
879103,72
879124,72
879414,70
879425,70
879446,70
880231,188
880242,188
880264,188
880491,74
880502,74
880524,74
880698,78
880709,78
880731,78
880917,84
880929,84
880951,84
881136,78
881147,78
881169,78
881334,32
881346,32
881367,32
884033,8
884045,8
884067,8
885977,8
885989,8
886010,8
886413,8
886424,8
886446,8
886867,70
886879,70
886900,70
887058,84
887070,84
887092,84
887270,78
887281,78
887303,78
887504,32
887515,32
887536,32
888166,71
888177,71
888199,71
888305,72
888317,72
888339,72
888461,66
888472,66
888494,66
888652,89
888663,89
888685,89
889109,87
889121,87
889142,87
889396,66
889407,66
889429,66
889601,71
889612,71
889633,71
889828,32
889840,32
889862,32
890435,71
890446,71
890467,71
890611,74
890622,74
890644,74
890795,67
890806,67
890830,67
891007,78
891018,78
891040,78
891236,84
891247,84
891269,84
891505,71
891516,71
891538,71
891666,84
891677,84
891699,84
891961,89
891973,89
891995,89
892127,89
892139,89
892160,89
892355,74
892367,74
892397,74
892566,85
892582,85
892608,85
892751,74
892768,74
892794,74
893077,32
893102,32
893130,32
893640,69
893659,69
893688,69
894027,68
894044,68
894072,68
894331,84
894348,84
894376,84
894592,75
894610,75
894638,75
894759,66
894777,66
894805,66
895287,88
895305,88
895333,88
895559,84
895577,84
895606,84
895744,89
895762,89
895791,89
895914,66
895932,66
895960,66
896379,90
896397,90
896425,90
896665,32
896683,32
896711,32
896875,89
896893,89
896921,89
897029,70
897047,70
897075,70
897663,85
897680,85
897709,85
897911,72
897930,72
897958,72
898090,69
898108,69
898137,69
898626,80
898643,80
898672,80
898811,82
898829,82
898858,82
899121,66
899139,66
899168,66
900666,191
900684,191
900712,191
901269,32
901287,32
901315,32
902122,160
902139,160
902167,160
902360,89
902378,89
902406,89
902722,70
902740,70
902769,70
903073,88
903090,88
903118,88
903368,66
903386,66
903414,66
903582,89
903600,89
903628,89
903746,70
903764,70
903793,70
904106,81
904124,81
904152,81
904441,78
904459,78
904488,78
904615,84
904633,84
904661,84
904851,32
904870,32
904897,32
905700,67
905718,67
905746,67
905885,32
905903,32
905931,32
906301,49
906320,49
906348,49
906707,53
906725,53
906754,53
906972,32
906990,32
907018,32
907947,86
907965,86
907993,86
908208,66
908226,66
908254,66
908394,89
908412,89
908441,89
908554,69
908571,69
908602,69
908822,78
908841,78
908871,78
909237,32
909255,32
909283,32
909984,80
910002,80
910030,80
910314,70
910332,70
910361,70
910550,89
910568,89
910597,89
910826,90
910844,90
910873,90
911169,78
911187,78
911216,78
911339,66
911357,66
911385,66
911691,81
911709,81
911737,81
912651,32
912669,32
912698,32
913243,71
913261,71
913289,71
913384,72
913402,72
913430,72
913551,74
913569,74
913597,74
913728,85
913745,85
913774,85
913907,72
913925,72
913953,72
914118,70
914136,70
914163,70
914433,86
914451,86
914478,86
914628,86
914646,86
914673,86
914844,66
914862,66
914891,66
915119,72
915136,72
915164,72
915292,74
915310,74
915338,74
915842,68
915860,68
915887,68
915953,70
915972,70
916000,70
916216,89
916234,89
916262,89
916342,66
916360,66
916388,66
916732,90
916750,90
916778,90
917083,32
917100,32
917129,32
917807,68
917825,68
917853,68
918026,32
918044,32
918072,32
918250,76
918268,76
918296,76
918371,84
918389,84
918417,84
918629,89
918647,89
918675,89
918867,77
918885,77
918913,77
919796,191
919814,191
919842,191
920054,32
920072,32
920101,32
920460,160
920478,160
920506,160
920801,84
920819,84
920847,84
921095,67
921112,67
921141,67
921324,75
921342,75
921371,75
921453,66
921471,66
921499,66
922135,32
922154,32
922182,32
923017,71
923035,71
923063,71
923158,74
923177,74
923205,74
923412,88
923430,88
923458,88
923749,69
923767,69
923800,69
924201,68
924218,68
924246,68
924405,67
924422,67
924451,67
924742,78
924760,78
924788,78
925093,68
925111,68
925139,68
925366,69
925384,69
925413,69
926103,84
926121,84
926149,84
927642,78
927660,78
927688,78
927823,84
927841,84
927869,84
929939,161
929958,161
929986,161
930136,191
930154,191
930183,191
930324,32
930341,32
930370,32
930679,88
930697,88
930725,88
930957,78
930976,78
931005,78
931147,74
931165,74
931194,74
931333,32
931351,32
931380,32
932419,86
932437,86
932466,86
932563,74
932581,74
932609,74
933327,186
933345,186
933373,186
933682,84
933701,84
933730,84
933898,78
933916,78
933944,78
934067,84
934085,84
934115,84
934533,32
934551,32
934580,32
935293,188
935312,188
935344,188
935562,74
935580,74
935610,74
935775,75
935792,75
935821,75
935940,77
935959,77
935987,77
936161,73
936180,73
936208,73
936297,84
936315,84
936345,84
937379,161
937397,161
937425,161
937499,191
937517,191
937545,191
937679,32
937698,32
937726,32
938509,69
938526,69
938554,69
938825,68
938843,68
938871,68
939134,84
939151,84
939180,84
939388,75
939405,75
939434,75
939601,66
939620,66
939648,66
941211,88
941228,88
941257,88
941365,77
941383,77
941412,77
941919,78
941937,78
941965,78
942023,84
942042,84
942066,84
942857,32
942870,32
942894,32
943899,71
943912,71
943936,71
944025,72
944038,72
944062,72
944189,74
944203,74
944227,74
944582,76
944595,76
944619,76
944863,74
944876,74
944899,74
945044,75
945057,75
945080,75
945383,186
945395,186
945419,186
945663,66
945676,66
945699,66
945841,78
945854,78
945878,78
945954,84
945967,84
945991,84
946179,75
946193,75
946217,75
946384,77
946397,77
946421,77
946800,89
946813,89
946836,89
946954,74
946968,74
946992,74
947321,67
947334,67
947358,67
947560,78
947572,78
947596,78
947740,77
947754,77
947777,77
948142,32
948155,32
948179,32
948931,76
948944,76
948968,76
949201,74
949214,74
949238,74
949440,32
949453,32
949477,32
950127,50
950140,50
950164,50
950306,48
950319,48
950343,48
950417,32
950430,32
950455,32
950695,86
950708,86
950733,86
950921,66
950937,66
950961,66
951087,89
951100,89
951128,89
970095,84
970108,84
970132,84
970347,86
970361,86
970385,86
972926,69
972940,69
972964,69
973136,78
973149,78
973173,78
973335,32
973349,32
973373,32
974466,8
974480,8
974504,8
975244,191
975258,191
975281,191
975519,32
975533,32
975556,32
977053,160
977067,160
977091,160
977376,89
977390,89
977414,89
977588,84
977601,84
977625,84
977753,32
977766,32
977790,32
978036,71
978050,71
978074,71
978191,83
978205,83
978228,83
978432,78
978446,78
978469,78
978695,70
978708,70
978741,70
978903,81
978925,81
978957,81
979178,78
979200,78
979233,78
979316,84
979339,84
979374,84
979688,67
979710,67
979743,67
979902,77
979925,77
979958,77
980033,32
980058,32
980092,32
980267,71
980291,71
980323,71
980456,84
980478,84
980511,84
980622,72
980645,72
980678,72
980736,84
980760,84
980792,84
981168,71
981190,71
981222,71
981347,72
981370,72
981402,72
981532,83
981555,83
981588,83
982194,85
982217,85
982249,85
982422,89
982444,89
982476,89
982867,69
982889,69
982922,69
983117,78
983139,78
983171,78
983300,77
983324,77
983356,77
983510,32
983533,32
983566,32
985419,67
985442,67
985475,67
985510,68
985532,68
985565,68
985677,74
985700,74
985733,74
985890,66
985913,66
985945,66
986099,32
986122,32
986155,32
986834,67
986856,67
986888,67
986987,74
987010,74
987044,74
987253,188
987275,188
987308,188
987653,67
987676,67
987708,67
987829,78
987851,78
987885,78
989441,68
989464,68
989497,68
989613,84
989636,84
989668,84
989839,89
989861,89
989894,89
990549,89
990572,89
990607,89
990770,83
990793,83
990826,83
991215,84
991237,84
991269,84
991381,32
991403,32
991435,32
991656,68
991678,68
991711,68
991852,74
991874,74
991907,74
992296,80
992319,80
992351,80
992571,86
992594,86
992627,86
992801,74
992824,74
992848,74
993723,186
993768,186
993792,186
994263,89
994277,89
994301,89
994456,74
994470,74
994494,74
994656,67
994670,67
994693,67
994852,78
994866,78
994889,78
995045,66
995059,66
995082,66
996879,161
996894,161
996919,161
997040,191
997053,191
997077,191
997310,32
997323,32
997347,32
1002488,69
1002502,69
1002526,69
1002685,67
1002698,67
1002722,67
1002875,78
1002889,78
1002913,78
1003079,72
1003093,72
1003117,72
1003322,70
1003337,70
1003360,70
1003724,66
1003737,66
1003761,66
1004101,68
1004115,68
1004139,68
1004265,70
1004279,70
1004305,70
1004696,90
1004710,90
1004734,90
1005457,32
1005471,32
1005495,32
1006751,49
1006765,49
1006789,49
1006987,48
1007001,48
1007025,48
1007447,189
1007461,189
1007485,189
1008513,88
1008528,88
1008552,88
1008757,70
1008771,70
1008795,70
1008957,67
1008971,67
1008994,67
1009157,74
1009171,74
1009197,74
1009690,68
1009704,68
1009729,68
1009825,83
1009838,83
1009863,83
1010729,84
1010743,84
1010769,84
1010957,32
1010970,32
1010995,32
1012372,86
1012385,86
1012411,86
1012480,70
1012494,70
1012519,70
1012764,72
1012778,72
1012803,72
1013023,70
1013037,70
1013062,70
1013696,65
1013712,65
1013740,65
1013874,74
1013888,74
1013934,74
1014069,89
1014105,89
1014153,89
1014257,83
1014294,83
1014345,83
1014861,32
1014898,32
1014947,32
1015453,82
1015490,82
1015538,82
1015634,74
1015670,74
1015718,74
1015966,76
1016002,76
1016048,76
1016270,66
1016306,66
1016354,66
1016440,89
1016476,89
1016524,89
1016755,85
1016791,85
1016838,85
1016969,70
1017004,70
1017058,70
1018047,32
1018082,32
1018131,32
1018248,189
1018284,189
1018332,189
1018393,32
1018429,32
1018477,32
1020091,222
1020128,222
1020175,222
1020472,78
1020508,78
1020556,78
1020667,74
1020704,74
1020752,74
1020818,32
1020854,32
1020902,32
1021399,86
1021435,86
1021482,86
1021555,74
1021591,74
1021640,74
1022275,186
1022311,186
1022358,186
1022455,84
1022534,84
1022606,84
1022664,78
1022700,78
1022748,78
1022909,32
1022946,32
1022994,32
1023717,76
1023752,76
1023799,76
1023878,70
1023914,70
1023980,70
1024226,78
1024262,78
1024309,78
1024412,77
1024449,77
1024498,77
1024635,32
1024672,32
1024721,32
1025343,68
1025380,68
1025428,68
1025519,70
1025556,70
1025606,70
1025797,86
1025834,86
1025881,86
1026075,32
1026110,32
1026160,32
1027204,75
1027242,75
1027291,75
1027420,74
1027456,74
1027506,74
1027825,186
1027860,186
1027908,186
1028181,89
1028216,89
1028263,89
1028331,74
1028367,74
1028414,74
1028535,84
1028571,84
1028619,84
1028739,32
1028783,32
1028831,32
1029910,88
1029946,88
1029995,88
1030128,69
1030164,69
1030212,69
1030434,68
1030469,68
1030517,68
1030662,67
1030698,67
1030747,67
1030905,78
1030941,78
1030988,78
1031120,68
1031156,68
1031204,68
1031319,74
1031357,74
1031404,74
1031597,32
1031633,32
1031681,32
1032732,69
1032769,69
1032817,69
1033009,75
1033045,75
1033093,75
1033459,8
1033497,8
1033548,8
1034441,76
1034480,76
1034532,76
1034828,74
1034866,74
1034917,74
1035279,68
1035318,68
1035368,68
1035790,75
1035829,75
1035881,75
1036149,84
1036189,84
1036239,84
1036667,78
1036707,78
1036757,78
1036880,68
1036920,68
1036973,68
1037046,74
1037086,74
1037137,74
1037245,72
1037286,72
1037336,72
1037405,84
1037444,84
1037494,84
1037546,89
1037586,89
1037635,89
1037711,66
1037751,66
1037801,66
1038254,90
1038294,90
1038343,90
1039089,161
1039128,161
1039177,161
1039287,191
1039326,191
1039376,191
1039513,32
1039552,32
1039602,32
1040712,89
1040753,89
1040804,89
1041037,74
1041076,74
1041126,74
1041232,32
1041271,32
1041321,32
1041509,68
1041548,68
1041599,68
1041684,32
1041719,32
1041764,32
1042139,66
1042174,66
1042218,66
1043420,78
1043454,78
1043499,78
1043630,74
1043666,74
1043710,74
1044184,85
1044218,85
1044262,85
1044524,84
1044559,84
1044605,84
1044715,32
1044749,32
1044795,32
1045041,68
1045076,68
1045120,68
1045262,83
1045297,83
1045343,83
1045463,32
1045499,32
1045544,32
1046518,8
1046552,8
1046598,8
1046748,8
1046784,8
1046828,8
1047286,8
1047320,8
1047364,8
1049664,68
1049700,68
1049746,68
1049799,83
1049834,83
1049878,83
1053409,75
1053444,75
1053490,75
1053586,77
1053621,77
1053666,77
1053900,84
1053936,84
1053993,84
1054285,78
1054319,78
1054365,78
1054484,67
1054519,67
1054565,67
1054604,90
1054642,90
1054687,90
1055341,32
1055375,32
1055422,32
1055830,68
1055866,68
1055910,68
1055995,32
1056030,32
1056076,32
1056194,69
1056228,69
1056273,69
1056517,67
1056551,67
1056598,67
1056850,78
1056884,78
1056931,78
1057009,70
1057044,70
1057091,70
1057179,75
1057214,75
1057260,75
1057375,74
1057409,74
1057454,74
1057569,67
1057604,67
1057649,67
1057753,78
1057788,78
1057833,78
1057939,77
1057974,77
1058020,77
1058833,191
1058872,191
1058917,191
